planner,mean_path_length,std_path_length,mean_time_ms,std_time_ms,mean_nodes,success_rate,ci_low,ci_high
"astar",27.455844122715725,3.972054645195637e-15,0.6687013999999999,0.07132040221984169,45.0,1.0,0.5867300844812567,0.750672715518743
"dijkstra",27.455844122715725,3.972054645195637e-15,4.220434999999999,0.3714158654069585,388.0,1.0,3.793552282792457,4.6473177172075415
"thetastar",26.93171219946131,0.0,0.3021784,0.006589407166050677,21.0,1.0,0.2946049377496772,0.3097518622503228
"prm",21.889209083497988,0.0,9.264624333333334,0.7759281301321234,198.0,1.0,7.840040572257935,10.689208094408732
