{
  "results": [
    {
      "ci_path_length": [
        27.45584412271572,
        27.455844122715728
      ],
      "ci_time_ms": [
        0.31420613362239647,
        0.43531586637760356
      ],
      "mean_nodes": 45.0,
      "mean_path_length": 27.455844122715725,
      "mean_time_ms": 0.374761,
      "planner": "astar",
      "repeats": 5,
      "std_path_length": 3.972054645195637e-15,
      "std_time_ms": 0.05268669166876964,
      "success_rate": 1.0
    }
  ]
}